month,topic_pt,funnel,category
1,Otimização de Custos Ocultos no Contas a Pagar: Além das Tarifas Bancárias,Meio,Estratégia e Performance
1,Gestão Ativa de Credores: Como o Veragi Alavanca Negociações e Descontos por Antecipação,Meio,Estratégia e Performance
1,Automação da Conciliação de Recebíveis de Cartão: Minimizando Perdas e Maximizando o Fluxo de Caixa,Meio,Estratégia e Performance
1,Estratégias de Cobrança Proativa: Como Reduzir a Inadimplência com Ferramentas Inteligentes,Meio,Estratégia e Performance
1,Gestão de Riscos Operacionais na Tesouraria: Identificação e Mitigação em Ambientes de Alta Complexidade,Meio,Estratégia e Performance
1,Tesouraria 4.0: Como a Inteligência Artificial Transforma a Gestão de Ativos e Passivos,Topo,SEO & AIO
1,O Impacto da Taxa de Juros na Decisão de Antecipação de Recebíveis: Análise para CFOs,Fundo,Estratégia e Performance
1,Risco Sacado Revertido: Alternativa Estratégica para Fornecedores e Compradores,Meio,Estratégia e Performance
1,Construindo Modelos Preditivos de Fluxo de Caixa com Machine Learning: Um Guia Prático para CFOs,Fundo,Data e Analytics
1,"Métricas de Performance da Tesouraria: Além do Saldo, o Que Realmente Importa?",Meio,Data e Analytics
1,Open Finance B2B e a Revolução dos Pagamentos Corporativos: O Que Vem Por Aí?,Topo,SEO & AIO
1,O Futuro do EDI no Financeiro Corporativo: Evolução ou Substituição pelas APIs?,Meio,SEO & AIO
1,Cash Pooling Cross-Border: Desafios e Oportunidades para Grupos Multinacionais,Meio,Estratégia e Performance
1,Impacto Fiscal e Contábil do Cash Pooling: O Que Sua Equipe Precisa Saber,Fundo,Estratégia e Performance
1,O Papel do Comitê de Finanças na Governança Corporativa: Melhores Práticas e Estrutura,Topo,SEO & AIO
1,ISO 27001 e ISO 22301 na Gestão Financeira: Garanta a Resiliência Operacional,Meio,Estratégia e Performance
1,Auditoria de Contas a Pagar: Como a Automação Garante Conformidade e Previne Fraudes,Fundo,Estratégia e Performance
1,Gestão de Ciclo de Vida do Fornecedor: Do Onboarding ao Pagamento com Eficiência,Meio,Estratégia e Performance
1,Modelagem de Risco de Crédito para Clientes B2B: Além do Score Tradicional,Fundo,Data e Analytics
1,Automação da Régua de Cobrança: Personalização e Inteligência para Reduzir a Inadimplência,Meio,Estratégia e Performance
