topic_pt,vertical,category
"Como Construir uma Gestão Financeira Empresarial que Sustente o Crescimento da Empresa","Gestão financeira empresarial","Gestão"
"Como Identificar Falhas na Gestão Financeira Empresarial Antes que Elas Afetem o Caixa","Gestão financeira empresarial","Gestão"
"Como a VAN Bancária pode otimizar custos, eficiência e segurança na gestão financeira","Conectividade e pagamentos","Integrações"
"API de integração financeira: arquitetura para operações de alto volume","Conectividade e pagamentos","Integrações"
"Conectividade financeira em tempo real: como reduzir pontos cegos na tesouraria","Conectividade e pagamentos","Veragi"
"Orquestração de pagamentos corporativos: governança para fluxos complexos","Conectividade e pagamentos","Pagamentos"
"APIs de pagamento e gestão de consentimento: segurança no fluxo corporativo","Conectividade e pagamentos","Segurança"
"Integração financeira multicanal: como conectar instituições, unidades e sistemas","Conectividade e pagamentos","Conectividade"
"EDI financeiro em operações híbridas: critérios para uma transição segura","Conectividade e pagamentos","EDI"
"Open Finance corporativo: como unificar dados de múltiplas instituições","Conectividade e pagamentos","Open Finance"
"Pagamentos em massa: controles para alto volume e múltiplas unidades","Conectividade e pagamentos","Pagamentos"
"Liquidez corporativa em tempo real: decisões para grupos com múltiplas unidades","Tesouraria e liquidez","Tesouraria"
"Cash pooling nocional e físico: critérios para escolher a estrutura","Tesouraria e liquidez","Cash pooling"
"Saldos ociosos: como identificar oportunidades com dados integrados","Tesouraria e liquidez","Liquidez"
"Planejamento de liquidez para cenários de alta volatilidade","Tesouraria e liquidez","Planejamento"
"Tesouraria centralizada: modelo operacional para grupos em expansão","Tesouraria e liquidez","Gestão"
"Matriz de exposição financeira: critérios para diversificar relacionamentos","Tesouraria e liquidez","Risco"
"Risco sacado: modelo de análise para proteger o capital de giro","Recebíveis e crédito sustentável","Crédito"
"Crédito sustentável para fornecedores: estrutura de um programa corporativo","Recebíveis e crédito sustentável","Fornecedores"
"Capital de giro simplificado: critérios para priorizar recebíveis","Recebíveis e crédito sustentável","Capital de giro"
"Esteira de crédito corporativo: como automatizar análise e aprovação","Recebíveis e crédito sustentável","Automação"
"Portal de fornecedores: como dar escala ao crédito sustentável","Recebíveis e crédito sustentável","Supply chain"
"Cobrança preventiva B2B: sinais para agir antes do atraso","Recebíveis e crédito sustentável","Cobrança"
"Política de crédito para fornecedores: critérios, alçadas e monitoramento","Recebíveis e crédito sustentável","Crédito"
"Curva de inadimplência: indicadores para antecipar risco de carteira","Recebíveis e crédito sustentável","Analytics"
"Fechamento financeiro contínuo: como substituir picos mensais por controle diário","Automação e governança","Fechamento"
"Contas a pagar centralizado: modelo de governança por unidade e centro de custo","Automação e governança","Contas a pagar"
"Segregação de funções em pagamentos: controles para reduzir risco operacional","Automação e governança","Governança"
"Gestão de comprovantes corporativos: rastreabilidade sem processos manuais","Automação e governança","Operação"
"Continuidade operacional financeira: plano para falhas de integração e indisponibilidade","Automação e governança","Continuidade"
"Autorização de pagamentos por alçada dinâmica: governança para grupos","Automação e governança","Governança"
"Central de exceções financeiras: como priorizar falhas e pendências","Automação e governança","Operação"
"SLA do financeiro: indicadores para contas a pagar e tesouraria","Automação e governança","Performance"
"Padronização de processos financeiros após fusões e aquisições","Automação e governança","Processos"
"Forecast de caixa com dados integrados: como reduzir desvios de projeção","Analytics e inteligência financeira","Preditividade"
"Indicadores de liquidez para CFOs: painel para decisão diária","Analytics e inteligência financeira","CFO"
"Cenários preditivos para tesouraria: da projeção ao plano de ação","Analytics e inteligência financeira","Tesouraria"
"Modelos preditivos de fluxo de caixa: variáveis para maior precisão","Analytics e inteligência financeira","Preditividade"
"Cockpit financeiro executivo: como organizar sinais para CFOs","Analytics e inteligência financeira","CFO"
"Análise de custos financeiros: dados para decisões de eficiência","Analytics e inteligência financeira","Eficiência"
