topic_pt,category,keyword
Desmistificando o Open Finance B2B: Impacto e Oportunidades para o Tesoureiro Corporativo,SEO & AIO,Open Finance B2B tesoureiro
Dashboards Estratégicos para CFOs: KPIs de Desempenho Financeiro em Tempo Real,Data e Analytics,dashboards CFO KPIs
Governança Financeira Corporativa: Como a Tecnologia Fortalece Controles Internos e Auditoria,Estratégia e Performance,governança financeira controles internos
Otimizando a Gestão de Dívidas: Estratégias e Ferramentas para o Tesoureiro Corporativo,Estratégia e Performance,gestão dívidas corporativas
Crédito Corporativo: Melhores Práticas para Negociação e Gestão de Linhas de Crédito,SEO & AIO,crédito corporativo negociação
Gestão de Cobrança Multicanal: Aumentando a Eficácia e Reduzindo Custos da Recuperação,SEO & AIO,cobrança multicanal recuperação
Análise de Risco Sacado na Prática: Mitigando Exposição e Otimizando Capital de Giro,SEO & AIO,análise risco sacado capital
Automação do Fluxo de Aprovações no Contas a Pagar: Agilidade e Rastreabilidade,SEO & AIO,aprovações contas a pagar automação
Regulagem de Cobrança Digital: Como a Veragi Reduz a Inadimplência e Melhora o Contas a Receber,SEO & AIO,regua cobrança digital inadimplência
"API para Pagamentos: Segurança, Velocidade e Redução de Custos na Troca de Dados Bancários",Data e Analytics,API pagamentos segurança
Automatizando a Conciliação Contábil no Contas a Pagar: Do Manual ao Inteligente,SEO & AIO,conciliação contábil automação
Tesouraria tradicional com visão D-1 ou Tesouraria Online: qual a diferença?,SEO & AIO,
