topic_pt,vertical,category
Desmistificando o Open Finance B2B: Impacto e Oportunidades para o Tesoureiro Corporativo,fintech,SEO & AIO
Data-Driven Finance: Como Construir uma Cultura de Decisão Baseada em Dados no Financeiro,fintech,SEO & AIO
Compliance Financeiro e ESG: Integrando Práticas Sustentáveis na Gestão de Riscos,fintech,SEO & AIO
O Papel da Inteligência Artificial na Otimização da Tesouraria Corporativa,fintech,SEO & AIO
Big Data no Financeiro: Transformando Volume de Dados em Vantagem Competitiva,fintech,SEO & AIO
Estratégias para Reduzir o DSO (Days Sales Outstanding) com Gestão Inteligente de Contas a Receber,fintech,SEO & AIO
Tesouraria Preditiva: Como Antecipar Necessidades de Caixa com Analytics Avançado,fintech,SEO & AIO
Dashboards Estratégicos para CFOs: KPIs de Desempenho Financeiro em Tempo Real,fintech,SEO & AIO
Governança Financeira Corporativa: Como a Tecnologia Fortalece Controles Internos e Auditoria,fintech,SEO & AIO
Otimizando a Gestão de Dívidas: Estratégias e Ferramentas para o Tesoureiro Corporativo,fintech,SEO & AIO
Crédito Corporativo: Melhores Práticas para Negociação e Gestão de Linhas de Crédito,fintech,SEO & AIO
Cash Pooling Internacional: Expandindo a Gestão Financeira Global de Grupos Empresariais,fintech,SEO & AIO
Gestão de Cobrança Multicanal: Aumentando a Eficácia e Reduzindo Custos da Recuperação,fintech,SEO & AIO
Otimização de Fluxo de Caixa com Automação de Contas a Pagar e Descontos por Antecipação,fintech,SEO & AIO
Análise de Risco Sacado na Prática: Mitigando Exposição e Otimizando Capital de Giro,fintech,SEO & AIO
Cash Pooling Eficiente: Redução de Custo Financeiro e Maximização de Rendimentos para Grupos,fintech,SEO & AIO
Automação do Fluxo de Aprovações no Contas a Pagar: Agilidade e Rastreabilidade,fintech,SEO & AIO
Regulagem de Cobrança Digital: Como a Veragi Reduz a Inadimplência e Melhora o Contas a Receber,fintech,SEO & AIO
"API para Pagamentos: Segurança, Velocidade e Redução de Custos na Troca de Dados Bancários",fintech,SEO & AIO
Automatizando a Conciliação Contábil no Contas a Pagar: Do Manual ao Inteligente,fintech,SEO & AIO
